﻿pos_x,pos_y,rotation,side,designator,mpn,pack,value,mount_type,place
34.29,-69.429,90.0,top,C1,,CP_Radial_D5.0mm_P2.50mm,10u,tht,True
28.829,-71.882,90.0,top,C2,,C_Rect_L7.0mm_W2.5mm_P5.00mm,100n,tht,True
111.633,-56.2225,90.0,bottom,C3,,C_1206_3216Metric_Pad1.33x1.80mm_HandSolder,100n,smt,True
29.083,-84.0355,90.0,bottom,C4,,C_1206_3216Metric_Pad1.33x1.80mm_HandSolder,100n,smt,True
62.3955,-70.739,180.0,bottom,C5,,C_1206_3216Metric_Pad1.33x1.80mm_HandSolder,100n,smt,True
43.175,-60.833,90.0,top,J1,,PinHeader_1x02_P2.54mm_Vertical,Composite Out,tht,True
64.008,-89.408,90.0,top,J4,,PinHeader_1x24_P2.54mm_Vertical,Conn_01x24,tht,True
64.008,-74.168,90.0,top,J5,,PinHeader_1x24_P2.54mm_Vertical,Conn_01x24,tht,True
31.115,-105.791,90.0,top,J6,,PinHeader_1x40_P2.54mm_Vertical,Z80 Bus,tht,True
124.333,-45.593,-90.0,top,J7,,PinHeader_1x28_P2.54mm_Vertical,Conn_01x28,tht,True
124.333,-60.833,-90.0,top,J8,,PinHeader_1x28_P2.54mm_Vertical,Conn_01x28,tht,True
34.29,-78.486,90.0,top,Q1,,TO-92_Inline,2N3904,tht,True
55.372,-53.467,0.0,top,R1,,R_Axial_DIN0207_L6.3mm_D2.5mm_P7.62mm_Horizontal,470,tht,True
50.165,-70.231,0.0,top,R10,,R_Axial_DIN0207_L6.3mm_D2.5mm_P7.62mm_Horizontal,10K,tht,True
57.785,-76.327,180.0,top,R11,,R_Axial_DIN0207_L6.3mm_D2.5mm_P7.62mm_Horizontal,10K,tht,True
50.165,-73.279,0.0,top,R12,,R_Axial_DIN0207_L6.3mm_D2.5mm_P7.62mm_Horizontal,10K,tht,True
48.006,-73.279,180.0,top,R2,,R_Axial_DIN0207_L6.3mm_D2.5mm_P7.62mm_Horizontal,8k2,tht,True
55.372,-50.419,0.0,top,R3,,R_Axial_DIN0207_L6.3mm_D2.5mm_P7.62mm_Horizontal,1k,tht,True
40.386,-70.231,0.0,top,R4,,R_Axial_DIN0207_L6.3mm_D2.5mm_P7.62mm_Horizontal,4k7,tht,True
40.386,-82.423,0.0,top,R5,,R_Axial_DIN0207_L6.3mm_D2.5mm_P7.62mm_Horizontal,100,tht,True
40.386,-76.327,0.0,top,R6,,R_Axial_DIN0207_L6.3mm_D2.5mm_P7.62mm_Horizontal,1k8,tht,True
40.386,-79.375,0.0,top,R7,,R_Axial_DIN0207_L6.3mm_D2.5mm_P7.62mm_Horizontal,470,tht,True
57.785,-82.423,180.0,top,R8,,R_Axial_DIN0207_L6.3mm_D2.5mm_P7.62mm_Horizontal,10K,tht,True
57.785,-79.375,180.0,top,R9,,R_Axial_DIN0207_L6.3mm_D2.5mm_P7.62mm_Horizontal,10K,tht,True
29.083,-95.758,90.0,top,U1,,DIP-20_W7.62mm,74HC688,tht,True
