﻿designator,quantity,value,pack,mpn,mount_type
C1,1,10u,CP_Radial_D5.0mm_P2.50mm,,tht
C2,1,100n,C_Rect_L7.0mm_W2.5mm_P5.00mm,,tht
"C3, C4, C5",3,100n,C_1206_3216Metric_Pad1.33x1.80mm_HandSolder,,smt
J1,1,Composite Out,PinHeader_1x02_P2.54mm_Vertical,,tht
"J4, J5",2,Conn_01x24,PinHeader_1x24_P2.54mm_Vertical,,tht
J6,1,Z80 Bus,PinHeader_1x40_P2.54mm_Vertical,,tht
"J7, J8",2,Conn_01x28,PinHeader_1x28_P2.54mm_Vertical,,tht
Q1,1,2N3904,TO-92_Inline,,tht
"R1, R7",2,470,R_Axial_DIN0207_L6.3mm_D2.5mm_P7.62mm_Horizontal,,tht
"R10, R11, R12, R8, R9",5,10K,R_Axial_DIN0207_L6.3mm_D2.5mm_P7.62mm_Horizontal,,tht
R2,1,8k2,R_Axial_DIN0207_L6.3mm_D2.5mm_P7.62mm_Horizontal,,tht
R3,1,1k,R_Axial_DIN0207_L6.3mm_D2.5mm_P7.62mm_Horizontal,,tht
R4,1,4k7,R_Axial_DIN0207_L6.3mm_D2.5mm_P7.62mm_Horizontal,,tht
R5,1,100,R_Axial_DIN0207_L6.3mm_D2.5mm_P7.62mm_Horizontal,,tht
R6,1,1k8,R_Axial_DIN0207_L6.3mm_D2.5mm_P7.62mm_Horizontal,,tht
U1,1,74HC688,DIP-20_W7.62mm,,tht
